Employee_ID,Name,Age,Department,Joining_Date
E1000,Jane Smith,55,HR,21/08/2018
E1001,Lucas Scott,25,Finance,14/11/2014
E1002,Emma Wilson,22,Finance,02/07/2015
E1003,Charlie Davis,35,Engineering,01/12/2011
E1004,Sophia Lewis,45,Marketing,08/04/2021
E1005,Charlie Davis,27,Marketing,28/07/2024
E1006,William Harris,50,Sales,08/01/2013
E1007,Jane Smith,48,Marketing,06/12/2015
E1008,Lucas Scott,26,Finance,15/07/2017
E1009,Bob Brown,24,Engineering,07/12/2015
E1010,Sophia Lewis,55,Finance,11/03/2011
E1011,William Harris,32,Marketing,28/08/2022
E1012,Lucas Scott,36,Marketing,04/11/2022
E1013,Bob Brown,47,Engineering,19/08/2020
E1014,Lucas Scott,54,Engineering,10/05/2017
E1015,Lucas Scott,36,Marketing,04/01/2016
E1016,Charlie Davis,59,Marketing,02/04/2014
E1017,Lucas Scott,60,HR,18/03/2024
E1018,Bob Brown,60,HR,29/10/2021
E1019,Lucas Scott,46,Finance,28/08/2018
E1020,William Harris,39,Finance,17/07/2021
E1021,Emma Wilson,49,Sales,03/02/2024
E1022,Sophia Lewis,39,Finance,02/09/2014
E1023,John Doe,31,Sales,07/09/2022
E1024,Jane Smith,44,Marketing,27/01/2021
E1025,John Doe,26,Marketing,10/11/2022
E1026,William Harris,37,Engineering,08/06/2012
E1027,Sophia Lewis,22,Sales,26/01/2022
E1028,Sophia Lewis,53,Sales,28/03/2023
E1029,David Miller,31,Marketing,23/08/2014
E1030,William Harris,43,Finance,30/08/2019
E1031,Lucas Scott,26,Engineering,26/06/2015
E1032,Bob Brown,23,HR,29/05/2017
E1033,Lucas Scott,27,Sales,03/08/2011
E1034,Jane Smith,27,Sales,29/09/2019
E1035,Jane Smith,29,Sales,20/12/2010
E1036,Sophia Lewis,42,Marketing,19/06/2013
E1037,John Doe,26,HR,17/04/2019
E1038,Alice Johnson,50,Finance,07/07/2016
E1039,Jane Smith,24,Finance,25/01/2011
E1040,David Miller,35,Sales,29/01/2014
E1041,David Miller,49,Marketing,03/04/2011
E1042,Alice Johnson,36,Finance,07/04/2017
E1043,David Miller,58,Finance,09/06/2019
E1044,William Harris,60,Marketing,20/11/2021
E1045,Bob Brown,26,Sales,12/04/2013
E1046,William Harris,48,Finance,25/01/2012
E1047,William Harris,49,Marketing,03/07/2021
E1048,Bob Brown,48,Marketing,19/01/2023
E1049,David Miller,28,Finance,10/12/2011
E1050,Jane Smith,40,Finance,20/04/2021
E1051,Lucas Scott,48,Engineering,03/09/2012
E1052,Bob Brown,43,Engineering,05/04/2019
E1053,William Harris,27,HR,21/07/2014
E1054,David Miller,50,Sales,24/07/2021
E1055,Sophia Lewis,56,HR,19/08/2012
E1056,John Doe,53,Sales,15/01/2023
E1057,Alice Johnson,31,Sales,01/12/2015
E1058,William Harris,44,Engineering,30/05/2023
E1059,David Miller,43,Engineering,17/01/2021
E1060,Charlie Davis,58,Sales,23/12/2014
E1061,Sophia Lewis,57,Engineering,09/05/2016
E1062,David Miller,25,Finance,21/12/2015
E1063,Sophia Lewis,25,HR,03/07/2011
E1064,Alice Johnson,31,Marketing,13/07/2020
E1065,Bob Brown,59,Marketing,31/05/2023
E1066,Lucas Scott,29,Engineering,18/04/2013
E1067,Bob Brown,42,Engineering,28/04/2019
E1068,John Doe,35,Finance,17/09/2012
E1069,John Doe,47,Sales,23/03/2019
E1070,Bob Brown,58,HR,01/06/2015
E1071,Lucas Scott,28,Marketing,12/06/2016
E1072,Lucas Scott,60,Finance,14/08/2014
E1073,Lucas Scott,43,HR,19/10/2015
E1074,John Doe,45,HR,09/08/2010
E1075,William Harris,37,Sales,19/09/2014
E1076,Sophia Lewis,53,Marketing,06/11/2020
E1077,Alice Johnson,59,Sales,11/06/2022
E1078,John Doe,24,Engineering,24/07/2021
E1079,William Harris,22,HR,07/05/2010
E1080,Lucas Scott,59,Engineering,30/11/2015
E1081,Sophia Lewis,36,Sales,04/02/2017
E1082,Lucas Scott,57,HR,11/09/2015
E1083,William Harris,46,Engineering,15/01/2017
E1084,Bob Brown,58,Finance,25/02/2012
E1085,Lucas Scott,42,Engineering,31/03/2022
E1086,David Miller,39,Engineering,27/08/2015
E1087,Sophia Lewis,44,Sales,20/05/2016
E1088,Sophia Lewis,22,HR,06/03/2010
E1089,Charlie Davis,57,Marketing,23/07/2015
E1090,Sophia Lewis,50,Finance,28/12/2014
E1091,William Harris,34,HR,25/01/2015
E1092,Alice Johnson,38,Finance,20/08/2016
E1093,Sophia Lewis,40,Engineering,01/07/2015
E1094,Emma Wilson,22,HR,23/09/2010
E1095,Emma Wilson,56,Finance,21/03/2015
E1096,Lucas Scott,47,Marketing,30/12/2021
E1097,Charlie Davis,57,Finance,18/10/2022
E1098,Emma Wilson,40,Finance,30/09/2013
E1099,Sophia Lewis,49,Marketing,04/08/2014
